Participant,Trial,Function,Confounded_Testing,Switched_to_Preferred
7,11,F1,1,-88
7,11,F2,1,1
7,26,F1,1,-88
7,26,F2,1,0
7,26,F3,1,-88
7,26,F4,1,1
7,26,F5,1,1
7,26,F6,1,-88
7,28,F2,1,1
7,28,F6,1,-88
7,32,F2,0,0
7,35,F1,1,-88
7,35,F2,1,1
7,37,F6,0,-88
7,46,F5,0,0
7,60,F2,0,0
7,63,F2,0,1
7,66,F5,0,1
7,67,F5,0,0
7,69,F1,0,-88
7,70,F5,0,1
7,72,F1,1,-88
7,72,F4,1,0
7,72,F5,1,0
7,76,F2,0,0
7,79,F2,1,1
7,79,F4,1,1
8,14,F6,0,-88
8,16,F6,0,-88
8,17,F2,0,-88
8,19,F2,1,-88
8,19,F4,1,-88
8,77,F4,0,-88
8,80,F4,0,-88
8,84,F1,0,0
8,92,F1,1,1
8,92,F5,1,0
8,97,F3,1,0
8,97,F5,1,1
8,99,F3,0,1
8,111,F4,0,-88
8,115,F4,0,-88
9,11,F5,0,-88
9,19,F5,0,-88
9,26,F5,0,-88
9,29,F4,0,0
9,30,F4,0,1
9,32,F6,0,0
9,33,F6,0,1
9,41,F1,0,-88
9,43,F1,0,-88
9,47,F3,0,-88
9,49,F3,0,-88
9,80,F5,0,-88
9,83,F5,0,-88
9,85,F5,0,-88
9,86,F5,0,-88
9,88,F5,0,-88
9,90,F5,0,-88
9,93,F5,0,-88
9,100,F5,0,-88
9,127,F1,1,-88
9,127,F3,1,-88
9,127,F4,1,0
9,127,F5,1,-88
9,127,F6,1,0
9,128,F4,0,1
9,129,F6,0,1
9,133,F2,0,0
9,134,F5,0,-88
9,141,F3,0,-88
9,142,F1,0,-88
10,11,F2,1,-88
10,11,F3,1,-88
10,11,F6,1,1
10,12,F3,0,-88
10,15,F6,0,0
10,18,F4,0,0
10,19,F4,0,1
10,20,F5,0,-88
10,22,F5,0,-88
10,25,F6,0,1
10,29,F2,0,-88
10,35,F5,0,-88
10,37,F5,0,-88
10,38,F5,0,-88
10,40,F5,0,-88
10,45,F1,0,0
10,62,F1,0,1
10,67,F1,0,0
10,68,F3,0,-88
10,71,F3,0,-88
10,73,F6,0,0
10,88,F6,0,1
10,99,F1,0,1
10,104,F1,0,0
10,113,F1,0,1
10,127,F1,0,0
11,11,F4,0,1
11,13,F5,0,-88
11,16,F5,0,-88
11,17,F3,0,-88
11,19,F3,0,-88
11,23,F6,0,-88
11,27,F6,0,-88
11,30,F6,0,-88
11,31,F1,0,0
11,38,F1,0,1
11,43,F1,0,0
11,45,F2,0,0
11,51,F2,0,1
11,55,F4,0,0
11,59,F4,0,1
11,61,F5,0,-88
11,65,F3,0,-88
11,67,F3,0,-88
11,70,F6,0,-88
11,76,F6,0,-88
11,80,F6,0,-88
11,81,F1,0,1
11,85,F1,0,0
11,90,F2,0,0
11,93,F2,0,1
11,112,F2,0,0
11,115,F2,0,1
11,117,F6,0,-88
11,124,F6,0,-88
11,128,F6,0,-88
11,129,F3,0,-88
11,132,F3,0,-88
11,135,F5,0,-88
11,144,F5,0,-88
12,11,F1,1,1
12,11,F2,1,1
12,11,F4,1,1
12,11,F5,1,-88
12,14,F5,0,-88
12,56,F5,0,-88
12,80,F6,0,-88
12,87,F5,0,-88
12,113,F5,0,-88
13,11,F2,1,-88
13,11,F4,1,1
13,14,F1,0,1
13,16,F6,0,-88
13,18,F2,0,-88
13,19,F2,0,-88
13,20,F6,0,-88
13,22,F6,0,-88
13,23,F1,1,0
13,23,F6,1,-88
13,25,F5,0,-88
13,26,F4,0,0
13,27,F1,1,1
13,27,F4,1,1
13,41,F3,0,0
13,42,F3,0,1
13,45,F5,0,-88
13,58,F6,0,-88
13,61,F6,0,-88
13,63,F5,0,-88
13,71,F2,0,-88
13,72,F2,0,-88
13,82,F4,0,0
13,83,F4,0,1
13,98,F5,0,-88
13,99,F5,0,-88
13,100,F6,0,-88
13,104,F6,0,-88
13,107,F6,0,-88
13,123,F3,0,0
13,124,F3,0,1
14,11,F2,1,-88
14,11,F4,1,0
14,11,F5,1,-88
14,13,F2,1,-88
14,13,F3,1,-88
14,13,F4,1,1
14,13,F5,1,-88
14,13,F6,1,0
14,18,F4,0,0
14,22,F5,0,-88
14,26,F3,0,-88
14,29,F6,0,1
14,32,F6,0,0
14,36,F2,0,-88
14,41,F2,0,-88
14,93,F6,0,1
14,103,F2,0,-88
14,107,F2,0,-88
15,15,F1,1,1
15,15,F2,1,1
15,15,F4,1,1
15,15,F5,1,-88
15,15,F6,1,-88
15,39,F3,0,-88
15,40,F3,0,-88
15,41,F6,0,-88
15,53,F6,0,-88
15,54,F6,0,-88
15,59,F1,0,0
15,61,F1,0,1
16,11,F5,0,1
16,13,F3,1,1
16,13,F6,1,1
16,18,F2,0,-88
16,21,F2,0,-88
16,25,F2,0,-88
16,29,F1,0,-88
16,35,F1,0,-88
16,37,F2,0,-88
16,42,F6,0,0
16,46,F3,1,0
16,46,F6,1,1
16,51,F3,0,1
16,53,F5,0,0
16,59,F5,0,1
16,67,F5,0,0
16,73,F5,0,1
16,79,F4,0,-88
16,84,F4,0,-88
16,87,F4,0,-88
16,92,F6,0,0
16,95,F6,0,1
16,99,F6,0,0
16,106,F6,0,1
16,112,F6,0,0
16,116,F6,0,1
16,119,F1,0,-88
16,124,F1,0,-88
16,127,F1,0,-88
16,133,F2,0,-88
16,137,F2,0,-88
16,141,F6,0,0
16,145,F6,0,1
16,148,F3,0,0
16,150,F3,1,1
16,150,F5,1,0
17,11,F2,1,-88
17,11,F3,1,0
17,12,F1,1,0
17,12,F6,1,1
17,13,F1,0,1
17,14,F3,0,1
17,25,F4,0,-88
17,33,F2,0,-88
17,40,F4,0,-88
17,41,F4,0,-88
17,42,F3,0,0
17,43,F3,0,1
17,47,F1,0,0
17,49,F1,0,1
17,51,F5,0,-88
17,53,F4,1,-88
17,53,F5,1,-88
17,54,F4,0,-88
17,59,F2,0,-88
17,61,F2,0,-88
17,74,F1,0,0
17,77,F1,0,1
17,78,F5,0,-88
17,89,F5,0,-88
17,99,F6,0,0
17,110,F5,0,-88
17,111,F5,0,-88
17,124,F2,0,-88
17,126,F2,0,-88
17,135,F4,0,-88
17,136,F4,0,-88
18,11,F4,0,1
18,22,F3,0,-88
18,25,F6,0,-88
18,29,F5,1,0
18,29,F6,1,-88
18,32,F5,0,1
18,56,F3,0,-88
18,84,F5,0,0
18,97,F5,0,1
18,101,F3,0,-88
18,110,F3,0,-88
18,114,F2,0,0
18,121,F6,0,-88
18,129,F6,0,-88
18,134,F5,0,0
18,138,F1,1,-88
18,138,F5,1,1
18,142,F1,0,-88
18,145,F4,0,0
19,11,F5,0,-88
19,12,F1,0,1
19,14,F6,0,1
19,18,F3,0,-88
19,20,F5,0,-88
19,22,F4,1,-88
19,22,F5,1,-88
19,25,F4,1,-88
19,25,F5,1,-88
19,26,F5,0,-88
19,28,F4,0,-88
19,30,F3,1,-88
19,30,F4,1,-88
19,31,F3,0,-88
19,32,F2,0,0
19,34,F3,0,-88
19,35,F2,0,1
19,39,F6,0,0
19,43,F3,1,-88
19,43,F4,1,-88
19,43,F5,1,-88
19,43,F6,1,1
19,46,F2,0,0
19,48,F2,0,1
19,56,F4,0,-88
19,57,F4,0,-88
19,64,F1,0,0
19,66,F1,0,1
19,72,F3,0,-88
19,73,F3,0,-88
19,109,F2,0,0
19,111,F2,0,1
20,11,F2,1,0
20,11,F6,1,1
20,19,F2,0,1
20,26,F2,0,0
20,32,F5,0,-88
20,46,F3,0,-88
20,55,F3,0,-88
20,67,F4,0,-88
20,77,F4,0,-88
20,96,F6,0,0
20,116,F6,0,1
20,130,F1,0,0
20,146,F1,0,1
22,11,F2,1,1
22,11,F3,1,0
22,11,F5,1,-88
22,11,F6,1,0
24,11,F2,1,-88
24,11,F5,1,1
24,20,F1,0,0
24,25,F1,0,1
24,26,F3,0,-88
24,30,F3,0,-88
24,31,F2,0,-88
24,36,F4,0,0
24,42,F4,1,1
24,42,F5,1,0
24,44,F5,0,1
24,55,F6,0,-88
24,60,F6,0,-88
24,96,F3,0,-88
24,98,F3,0,-88
25,11,F1,1,-88
25,11,F2,1,1
25,11,F6,1,1
25,12,F1,0,-88
25,13,F1,0,-88
25,14,F4,0,-88
25,15,F4,0,-88
25,16,F3,0,0
25,17,F3,1,1
25,17,F5,1,-88
25,18,F2,0,0
25,19,F2,1,1
25,19,F6,1,0
25,21,F6,0,1
25,22,F5,0,-88
25,23,F4,0,-88
25,24,F2,1,0
25,24,F4,1,-88
25,25,F2,0,1
25,26,F6,0,0
25,30,F6,0,1
25,33,F4,0,-88
25,36,F4,0,-88
25,39,F3,0,0
25,42,F3,0,1
25,45,F1,0,-88
25,48,F1,0,-88
25,51,F5,0,-88
25,54,F5,0,-88
25,60,F5,0,-88
25,63,F2,0,0
25,66,F2,0,1
25,69,F4,0,-88
25,72,F4,0,-88
25,75,F3,0,0
25,78,F1,0,-88
25,81,F3,0,1
25,84,F1,0,-88
25,87,F1,0,-88
25,93,F1,0,-88
25,96,F5,0,-88
25,99,F5,0,-88
25,102,F5,0,-88
25,105,F5,0,-88
25,113,F2,0,0
25,119,F2,0,1
25,125,F6,0,0
25,131,F6,0,1
25,143,F6,0,0
25,149,F5,1,-88
25,149,F6,1,1
26,11,F3,0,-88
26,28,F5,0,-88
26,30,F5,0,-88
26,31,F1,0,1
26,34,F1,0,0
26,39,F1,0,1
26,51,F6,0,-88
26,57,F6,0,-88
26,64,F4,0,0
26,73,F4,0,1
26,80,F3,0,-88
26,94,F2,1,1
26,94,F3,1,-88
26,112,F2,0,0
26,145,F4,0,0
27,11,F2,1,1
27,11,F5,1,1
27,29,F5,0,0
27,38,F2,1,0
27,38,F3,1,-88
27,38,F5,1,1
27,64,F4,0,-88
27,73,F4,0,-88
27,98,F4,0,-88
27,113,F4,0,-88
27,141,F4,0,-88
27,144,F4,0,-88
27,145,F4,0,-88
27,148,F4,0,-88
28,11,F1,1,1
28,11,F2,1,-88
28,11,F5,1,-88
28,11,F6,1,1
28,20,F4,0,-88
28,22,F4,0,-88
28,26,F2,0,-88
28,30,F6,0,0
28,34,F5,0,-88
28,38,F5,0,-88
28,43,F3,0,-88
28,48,F1,0,0
28,50,F1,0,1
28,106,F6,0,1
29,11,F1,1,-88
29,11,F2,1,-88
29,11,F3,1,1
29,11,F6,1,-88
29,15,F1,1,-88
29,15,F3,1,0
29,18,F4,0,0
29,21,F5,0,0
29,23,F5,1,1
29,23,F6,1,-88
29,26,F2,1,-88
29,26,F6,1,-88
29,28,F2,0,-88
29,35,F3,0,1
29,36,F3,0,0
29,37,F1,0,-88
29,39,F1,1,-88
29,39,F4,1,1
29,43,F4,0,0
29,51,F4,0,1
29,71,F4,0,0
29,79,F3,0,1
29,102,F1,0,-88
29,108,F1,0,-88
29,118,F4,0,1
29,149,F4,0,0
30,11,F1,1,-88
30,11,F2,1,-88
30,11,F3,1,0
30,12,F1,0,-88
30,13,F5,0,0
30,14,F5,0,1
30,15,F4,0,-88
30,16,F6,0,0
30,17,F6,0,1
30,20,F6,0,0
30,21,F4,0,-88
30,23,F4,1,-88
30,23,F5,1,0
30,27,F2,0,-88
30,34,F2,0,-88
30,39,F2,1,-88
30,39,F6,1,1
30,46,F3,0,1
30,56,F1,0,-88
30,62,F1,0,-88
30,80,F2,0,-88
30,84,F2,0,-88
30,89,F4,0,-88
30,92,F4,0,-88
30,127,F2,0,-88
30,140,F2,0,-88
32,11,F2,0,-88
32,14,F2,0,-88
32,16,F1,1,-88
32,16,F2,1,-88
32,19,F1,0,-88
32,20,F3,0,-88
32,29,F3,0,-88
32,31,F3,0,-88
32,33,F5,0,0
32,40,F5,1,1
32,40,F6,1,0
32,48,F6,0,1
32,59,F4,0,0
32,89,F2,0,-88
32,98,F2,0,-88
36,11,F4,1,-88
36,11,F5,1,1
36,12,F5,0,0
36,14,F1,1,-88
36,14,F5,1,1
36,15,F1,1,-88
36,15,F2,1,-88
36,22,F2,0,-88
36,28,F2,0,-88
36,30,F2,0,-88
36,36,F2,0,-88
36,43,F2,0,-88
36,49,F2,0,-88
36,53,F2,0,-88
36,69,F2,0,-88
36,71,F2,0,-88
36,80,F2,0,-88
36,82,F2,0,-88
36,83,F4,0,-88
36,88,F4,0,-88
36,89,F1,0,-88
36,90,F1,0,-88
36,92,F4,0,-88
36,100,F2,0,-88
36,101,F2,0,-88
36,102,F5,0,0
36,103,F5,0,1
36,104,F4,0,-88
36,108,F1,0,-88
36,117,F6,0,0
36,130,F1,0,-88
37,11,F4,1,1
37,11,F5,1,1
37,11,F6,1,-88
37,15,F3,0,-88
37,16,F3,0,-88
37,17,F6,0,-88
37,19,F6,0,-88
37,22,F3,0,-88
37,23,F3,1,-88
37,23,F5,1,0
37,28,F4,0,0
37,29,F2,1,0
37,29,F4,1,1
37,34,F2,0,1
37,35,F5,0,1
37,39,F6,0,-88
37,44,F6,0,-88
37,47,F2,1,0
37,47,F5,1,0
37,51,F2,1,1
37,51,F4,1,0
37,51,F5,1,1
37,54,F4,0,1
37,56,F1,0,-88
37,75,F6,0,-88
37,83,F1,0,-88
37,86,F1,0,-88
37,87,F6,0,-88
37,109,F3,0,-88
37,113,F3,0,-88
38,11,F3,1,1
38,11,F4,1,1
38,11,F6,1,1
38,15,F4,0,0
38,19,F4,0,1
38,21,F3,0,0
38,25,F6,0,0
38,28,F6,0,1
38,32,F1,0,-88
38,37,F1,0,-88
38,40,F5,0,-88
38,44,F5,0,-88
38,47,F2,0,-88
38,50,F4,0,0
38,53,F4,0,1
38,60,F3,0,1
38,63,F3,0,0
38,66,F1,0,-88
38,69,F5,0,-88
38,74,F4,0,0
38,78,F4,0,1
38,80,F2,0,-88
38,84,F6,0,0
38,88,F6,0,1
38,91,F1,0,-88
38,92,F1,0,-88
38,93,F1,0,-88
38,94,F1,0,-88
38,95,F1,0,-88
38,96,F1,0,-88
38,97,F5,0,-88
38,100,F5,0,-88
38,102,F5,0,-88
38,105,F2,0,-88
38,107,F2,0,-88
38,110,F4,0,0
38,113,F4,0,1
38,116,F3,0,1
38,132,F4,0,0
38,133,F4,0,1
39,69,F1,1,0
39,69,F2,1,0
39,69,F5,1,-88
39,70,F3,0,-88
39,71,F6,0,-88
39,72,F4,0,0
39,73,F2,0,1
39,75,F3,0,-88
39,76,F4,0,1
39,77,F1,0,1
39,78,F3,0,-88
39,79,F3,0,-88
39,80,F5,0,-88
39,83,F4,0,0
39,84,F4,0,1
39,85,F6,0,-88
39,86,F1,1,0
39,86,F6,1,-88
39,87,F1,1,1
39,87,F5,1,-88
39,88,F3,0,-88
39,89,F3,1,-88
39,89,F4,1,0
39,90,F4,0,1
39,91,F6,0,-88
39,92,F1,1,0
39,92,F6,1,-88
39,93,F5,0,-88
39,94,F4,0,0
39,95,F1,1,1
39,95,F4,1,1
39,96,F2,0,0
39,97,F5,0,-88
39,98,F3,0,-88
39,99,F3,0,-88
39,100,F2,0,1
39,101,F3,0,-88
39,102,F2,1,0
39,102,F3,1,-88
39,120,F3,0,-88
39,122,F3,0,-88
39,125,F4,0,0
39,126,F4,0,1
39,127,F1,1,0
39,127,F4,1,0
39,129,F1,1,1
39,129,F4,1,1
39,130,F6,0,-88
39,140,F3,0,-88
39,141,F3,1,-88
39,141,F5,1,-88
40,11,F5,1,-88
40,11,F6,1,-88
40,12,F1,0,1
40,13,F1,0,0
40,14,F3,0,-88
40,15,F3,0,-88
40,17,F1,0,1
40,18,F1,0,0
40,20,F4,0,1
40,21,F4,0,0
40,26,F1,0,1
40,30,F1,0,0
40,33,F4,0,1
40,40,F4,0,0
40,43,F5,0,-88
40,48,F5,0,-88
40,54,F5,0,-88
40,55,F3,0,-88
40,67,F3,0,-88
40,76,F3,0,-88
40,77,F3,0,-88
40,78,F2,0,0
40,86,F2,0,1
40,92,F2,0,0
40,98,F6,0,-88
40,101,F6,0,-88
40,103,F1,0,1
40,105,F1,0,0
40,107,F4,0,1
40,110,F1,0,1
40,114,F4,0,0
40,119,F2,0,1
40,121,F2,0,0
40,124,F3,0,-88
40,127,F3,0,-88
40,128,F4,0,1
40,129,F4,0,0
40,132,F5,0,-88
40,135,F5,0,-88
40,138,F6,0,-88
40,140,F6,0,-88
40,143,F1,0,0
42,11,F5,0,1
42,13,F4,0,1
42,17,F4,0,0
42,18,F4,0,1
42,20,F4,0,0
42,22,F2,1,-88
42,22,F4,1,1
42,25,F2,1,-88
42,25,F4,1,0
42,25,F5,1,0
42,26,F2,1,-88
42,26,F5,1,1
42,29,F2,0,-88
42,32,F3,0,-88
42,36,F3,0,-88
42,37,F1,0,-88
42,41,F6,0,0
42,43,F6,0,1
42,53,F4,0,1
42,64,F4,0,0
42,69,F1,0,-88
42,82,F5,0,0
42,90,F5,0,1
42,94,F5,0,0
42,104,F5,0,1
42,110,F2,0,-88
42,113,F2,0,-88
42,119,F6,0,0
42,137,F3,0,-88
42,138,F3,0,-88
42,143,F6,0,1
42,148,F5,0,0
42,149,F5,0,1
43,11,F2,1,1
43,11,F3,1,-88
44,11,F1,1,-88
44,11,F3,1,-88
44,11,F4,1,1
44,13,F6,0,-88
44,15,F6,0,-88
44,17,F3,0,-88
44,21,F5,0,0
44,23,F5,0,1
44,26,F6,0,-88
44,28,F6,0,-88
44,29,F5,0,0
44,31,F5,0,1
44,32,F1,0,-88
44,34,F1,0,-88
44,35,F4,0,0
44,37,F4,0,1
44,38,F2,0,1
44,40,F2,0,0
44,41,F1,0,-88
44,43,F1,0,-88
44,48,F1,0,-88
44,50,F1,1,-88
44,50,F5,1,0
44,54,F5,0,1
44,62,F5,0,0
44,71,F5,0,1
44,78,F2,0,1
44,79,F2,0,0
44,81,F2,0,1
44,84,F2,0,0
44,85,F4,0,0
44,88,F4,0,1
44,90,F1,0,-88
44,94,F1,0,-88
44,97,F5,0,0
44,100,F5,0,1
44,103,F5,0,0
44,107,F5,0,1
44,108,F3,1,-88
44,108,F5,1,0
44,109,F3,0,-88
44,110,F2,0,1
44,113,F2,0,0
44,115,F4,0,0
44,117,F4,0,1
44,119,F1,0,-88
44,121,F1,0,-88
44,124,F1,0,-88
44,127,F1,0,-88
44,131,F1,0,-88
44,135,F1,0,-88
44,138,F2,0,1
44,139,F2,0,0
44,140,F4,0,0
44,141,F4,0,1
44,143,F5,0,1
44,144,F5,0,0
44,146,F5,0,1
44,149,F5,0,0
44,150,F5,0,1
45,11,F1,1,1
45,11,F2,1,-88
45,11,F3,1,1
45,11,F4,1,1
45,11,F5,1,-88
45,24,F4,0,0
45,27,F3,0,0
45,29,F3,0,1
45,30,F2,0,-88
45,37,F2,0,-88
45,39,F2,0,-88
45,40,F3,0,0
45,41,F1,1,0
45,41,F3,1,1
45,43,F1,1,1
45,43,F6,1,-88
45,46,F2,1,-88
45,46,F6,1,-88
45,49,F3,0,0
45,50,F3,1,1
45,50,F5,1,-88
45,53,F4,0,1
45,54,F5,0,-88
45,55,F3,0,0
45,56,F3,1,1
45,56,F4,1,0
45,57,F6,0,-88
45,61,F3,0,0
45,63,F1,1,0
45,63,F3,1,1
45,65,F1,1,1
45,65,F4,1,1
45,67,F4,0,0
45,69,F2,0,-88
45,76,F4,0,1
45,77,F1,1,0
45,77,F4,1,0
45,83,F5,0,-88
45,87,F5,0,-88
45,88,F5,0,-88
45,89,F3,1,0
45,89,F5,1,-88
45,90,F3,1,1
45,90,F6,1,-88
45,99,F6,0,-88
45,101,F2,1,-88
45,101,F6,1,-88
45,103,F2,0,-88
45,106,F3,0,0
45,108,F3,1,1
45,108,F5,1,-88
45,118,F6,0,-88
45,128,F2,0,-88
45,129,F2,0,-88
45,131,F2,0,-88
45,132,F1,1,1
45,132,F2,1,-88
45,143,F3,0,0
45,146,F3,0,1
46,17,F4,0,-88
46,21,F3,0,-88
46,26,F3,0,-88
46,29,F2,1,0
46,29,F6,1,1
46,45,F4,0,-88
46,49,F3,1,-88
46,49,F4,1,-88
46,58,F1,0,-88
46,67,F5,0,0
46,73,F5,1,1
46,73,F6,1,0
46,87,F4,0,-88
46,89,F4,0,-88
46,92,F3,0,-88
46,97,F1,1,-88
46,97,F2,1,1
46,97,F4,1,-88
46,97,F5,1,0
46,97,F6,1,1
47,11,F5,0,1
47,34,F1,0,-88
47,40,F1,0,-88
47,45,F3,0,0
47,58,F3,0,1
47,61,F3,0,0
47,65,F2,0,-88
47,73,F2,0,-88
47,83,F2,0,-88
47,88,F2,0,-88
47,100,F4,0,0
47,104,F4,0,1
47,110,F6,0,-88
47,118,F6,0,-88
47,123,F6,0,-88
47,132,F6,0,-88
47,136,F6,0,-88
47,138,F6,0,-88
48,11,F1,1,-88
48,11,F4,1,1
48,15,F1,0,-88
48,17,F4,0,0
48,20,F2,0,-88
48,22,F2,0,-88
48,27,F5,0,-88
48,30,F2,1,-88
48,30,F5,1,-88
48,31,F2,0,-88
48,32,F6,0,0
48,37,F3,1,0
48,37,F6,1,1
48,43,F3,0,1
48,51,F1,0,-88
48,53,F1,1,-88
48,53,F4,1,1
48,56,F4,0,0
48,58,F2,0,-88
48,62,F2,0,-88
48,69,F5,0,-88
48,86,F5,0,-88
48,92,F5,0,-88
48,95,F3,0,0
48,96,F3,0,1
49,30,F2,0,-88
49,55,F3,0,-88
49,69,F2,0,-88
49,71,F2,0,-88
49,73,F5,0,-88
49,85,F5,0,-88
49,90,F4,0,0
49,97,F4,0,1
49,99,F4,0,0
49,107,F6,0,0
49,109,F3,1,-88
49,109,F6,1,1
49,112,F3,0,-88
49,124,F2,0,-88
49,126,F2,0,-88
49,138,F1,0,0
49,139,F1,0,1
50,11,F1,1,1
50,11,F3,1,1
50,11,F5,1,-88
50,12,F1,1,0
50,12,F2,1,-88
50,12,F3,1,0
50,12,F5,1,-88
50,12,F6,1,-88
50,14,F4,0,0
50,15,F4,1,1
50,15,F5,1,-88
50,16,F1,0,1
50,17,F1,1,0
50,17,F2,1,-88
50,19,F3,0,1
50,20,F6,0,-88
50,21,F2,0,-88
50,23,F3,0,0
50,24,F6,0,-88
50,25,F1,0,1
50,26,F1,1,0
50,26,F2,1,-88
50,27,F6,0,-88
50,28,F6,0,-88
50,30,F2,0,-88
50,31,F2,0,-88
50,32,F1,0,1
50,34,F1,0,0
50,35,F4,0,0
50,36,F4,0,1
50,48,F3,0,1
50,50,F3,0,0
50,72,F5,0,-88
50,73,F5,0,-88
50,78,F3,0,1
50,79,F3,0,0
50,100,F3,0,1
50,101,F3,0,0
50,120,F5,0,-88
50,124,F5,0,-88
52,11,F5,0,1
52,16,F1,0,-88
52,19,F3,0,-88
52,23,F4,0,-88
52,24,F4,0,-88
52,26,F5,0,0
52,28,F5,0,1
52,32,F4,0,-88
52,34,F6,0,1
52,36,F1,0,-88
52,44,F6,0,0
52,74,F4,0,-88
52,85,F4,0,-88
52,89,F2,0,0
52,90,F2,0,1
52,91,F5,0,0
52,100,F5,0,1
52,102,F4,0,-88
52,111,F5,0,0
52,113,F5,0,1
52,114,F3,0,-88
52,115,F2,1,0
52,115,F3,1,-88
52,117,F1,1,-88
52,117,F2,1,1
52,123,F1,0,-88
52,127,F4,0,-88
52,129,F4,0,-88
52,140,F4,0,-88
52,141,F4,0,-88
53,11,F5,0,1
53,14,F6,0,-88
53,19,F6,0,-88
53,25,F1,0,-88
53,28,F1,0,-88
53,33,F3,0,0
53,41,F3,0,1
53,52,F2,0,-88
53,75,F6,0,-88
55,11,F1,1,-88
55,11,F5,1,1
55,11,F6,1,-88
55,15,F4,0,-88
55,18,F1,0,-88
55,20,F1,0,-88
55,24,F3,0,0
55,28,F3,0,1
55,33,F6,0,-88
55,36,F6,0,-88
55,38,F4,0,-88
55,42,F4,0,-88
55,48,F6,0,-88
55,50,F6,0,-88
55,77,F4,0,-88
55,86,F3,0,0
58,11,F2,0,1
58,15,F2,1,0
58,15,F3,1,-88
58,17,F6,0,-88
58,22,F6,0,-88
58,23,F5,0,1
58,28,F2,0,1
58,31,F2,1,0
58,31,F6,1,-88
58,34,F4,0,1
58,36,F1,1,-88
58,36,F4,1,0
58,39,F2,0,1
58,43,F2,0,0
58,49,F3,0,-88
58,51,F3,1,-88
58,51,F5,1,0
58,58,F4,0,1
58,59,F4,0,0
58,61,F2,0,1
58,63,F2,0,0
58,72,F6,0,-88
58,74,F6,0,-88
58,80,F1,0,-88
58,87,F5,0,1
58,89,F5,0,0
58,94,F3,0,-88
58,95,F3,0,-88
58,96,F6,0,-88
58,97,F6,0,-88
58,98,F2,0,1
58,99,F2,0,0
58,101,F1,0,-88
58,103,F1,0,-88
58,119,F4,0,1
58,120,F4,0,0
58,137,F5,0,1
58,140,F5,0,0
58,148,F1,0,-88
58,150,F1,0,-88
59,20,F4,0,1
59,23,F2,0,1
59,27,F2,0,0
59,29,F1,1,-88
59,29,F2,1,1
59,32,F1,0,-88
59,35,F5,0,0
59,40,F3,1,-88
59,40,F5,1,1
59,43,F3,0,-88
59,50,F2,0,0
59,57,F1,0,-88
59,61,F1,0,-88
59,64,F5,0,0
59,71,F6,0,-88
59,81,F3,0,-88
59,84,F3,0,-88
59,115,F2,0,1
59,117,F2,0,0
60,11,F1,1,-88
60,11,F2,1,-88
60,15,F5,0,0
60,18,F2,0,-88
60,29,F3,0,0
60,30,F3,0,1
60,31,F4,0,-88
60,32,F1,1,-88
60,32,F4,1,-88
60,39,F1,0,-88
60,46,F5,0,1
60,50,F1,0,-88
60,52,F1,0,-88
60,57,F1,0,-88
60,60,F1,0,-88
60,67,F3,0,0
60,69,F3,0,1
60,71,F4,0,-88
60,72,F1,1,-88
60,72,F4,1,-88
60,76,F1,0,-88
60,85,F2,0,-88
60,87,F2,0,-88
60,91,F1,1,-88
60,91,F5,1,0
60,93,F5,0,1
60,94,F1,0,-88
60,104,F1,1,-88
60,104,F3,1,0
60,104,F4,1,-88
60,104,F5,1,0
60,104,F6,1,1
60,105,F1,1,-88
60,105,F4,1,-88
60,105,F5,1,1
60,107,F3,1,1
60,107,F6,1,0
61,11,F2,1,-88
61,11,F4,1,1
61,11,F5,1,1
61,17,F2,0,-88
61,20,F2,0,-88
61,24,F1,0,-88
61,28,F5,0,0
61,33,F6,0,-88
61,37,F4,0,0
61,41,F4,0,1
61,47,F3,0,0
61,49,F3,0,1
61,76,F5,0,1
63,11,F1,1,1
63,11,F5,1,1
63,11,F6,1,1
63,44,F4,0,-88
63,48,F4,0,-88
63,52,F4,0,-88
63,53,F3,0,-88
63,59,F3,0,-88
63,60,F3,0,-88
63,61,F2,0,-88
63,62,F2,0,-88
63,63,F6,0,0
63,65,F5,0,0
63,69,F1,0,0
63,73,F5,0,1
63,78,F4,0,-88
63,79,F4,0,-88
63,82,F3,0,-88
63,83,F3,0,-88
63,90,F2,0,-88
63,91,F2,0,-88
63,92,F6,0,1
63,95,F3,0,-88
63,96,F3,0,-88
63,99,F4,0,-88
63,110,F5,0,0
63,111,F5,0,1
63,113,F4,0,-88
63,114,F3,1,-88
63,114,F4,1,-88
63,115,F1,0,1
63,120,F2,0,-88
63,124,F2,1,-88
63,124,F6,1,0
63,128,F5,1,0
63,128,F6,1,1
63,129,F5,0,1
63,130,F4,0,-88
63,131,F4,0,-88
63,132,F3,0,-88
63,133,F3,0,-88
63,141,F2,0,-88
64,11,F6,0,-88
64,18,F2,0,-88
64,20,F4,0,0
64,22,F1,0,0
64,23,F1,0,1
64,25,F1,0,0
64,27,F1,0,1
64,29,F4,0,1
64,30,F3,1,-88
64,30,F4,1,0
64,33,F3,0,-88
64,35,F3,0,-88
64,37,F2,0,-88
64,38,F2,0,-88
64,41,F2,0,-88
64,45,F2,0,-88
64,50,F5,0,0
64,51,F5,0,1
64,52,F6,0,-88
64,56,F6,0,-88
64,58,F6,0,-88
64,59,F1,0,0
64,61,F1,0,1
64,63,F4,0,1
64,65,F4,0,0
64,67,F5,0,0
64,72,F5,0,1
64,77,F5,0,0
64,81,F5,0,1
64,82,F3,0,-88
64,84,F3,0,-88
64,85,F2,0,-88
64,87,F2,0,-88
64,106,F6,0,-88
64,111,F6,0,-88
64,112,F6,0,-88
65,11,F2,0,-88
65,15,F2,1,-88
65,15,F6,1,-88
65,20,F1,0,-88
65,24,F3,0,0
65,29,F2,0,-88
65,32,F5,0,0
65,36,F6,0,-88
65,40,F4,0,0
65,42,F1,0,-88
65,44,F3,0,1
65,45,F2,0,-88
65,46,F5,0,1
65,47,F6,0,-88
65,48,F4,0,1
65,49,F4,0,0
65,52,F2,0,-88
65,53,F6,0,-88
65,55,F2,1,-88
65,55,F4,1,1
65,55,F6,1,-88
65,57,F1,0,-88
65,67,F3,0,0
65,68,F3,0,1
65,69,F6,0,-88
65,98,F5,0,0
65,103,F5,0,1
67,11,F2,1,1
67,11,F4,1,1
67,11,F5,1,1
67,12,F5,0,0
67,13,F5,1,1
67,13,F6,1,-88
67,15,F1,0,-88
67,17,F3,0,-88
67,21,F4,0,0
67,26,F4,0,1
67,30,F4,0,0
67,34,F6,0,-88
67,36,F6,0,-88
67,39,F6,0,-88
67,44,F5,0,0
67,54,F4,1,1
67,54,F5,1,1
67,54,F6,1,-88
67,74,F5,0,0
67,83,F5,0,1
67,87,F2,0,0
67,95,F6,0,-88
67,104,F6,0,-88
67,106,F4,0,0
67,117,F4,0,1
68,11,F6,0,1
68,17,F2,0,-88
68,21,F2,0,-88
68,26,F4,0,0
68,31,F5,0,-88
68,35,F5,0,-88
68,46,F4,0,1
68,50,F2,1,-88
68,50,F4,1,0
68,60,F4,0,1
68,62,F3,1,-88
68,62,F4,1,0
68,70,F1,0,0
68,72,F1,0,1
68,75,F1,0,0
68,81,F1,0,1
68,83,F3,0,-88
68,103,F4,0,1
68,124,F4,0,0
68,132,F4,0,1
69,13,F2,0,-88
69,16,F2,0,-88
69,18,F3,0,-88
69,20,F3,0,-88
69,22,F6,0,0
69,31,F6,0,1
69,34,F1,0,1
69,38,F1,0,0
69,50,F4,0,-88
69,70,F5,0,1
69,93,F2,0,-88
69,101,F2,0,-88
69,107,F3,0,-88
69,112,F3,0,-88
69,120,F6,0,0
69,133,F6,0,1
69,136,F1,0,1
69,141,F1,0,0
70,11,F1,1,1
70,11,F4,1,-88
70,11,F5,1,-88
70,12,F1,0,0
70,13,F3,1,-88
70,13,F4,1,-88
70,32,F3,0,-88
70,40,F3,0,-88
70,43,F5,0,-88
70,49,F3,0,-88
70,57,F3,0,-88
70,60,F3,1,-88
70,60,F5,1,-88
70,68,F1,0,1
70,72,F1,0,0
70,76,F3,0,-88
70,77,F3,0,-88
70,86,F1,0,1
70,88,F1,0,0
70,89,F5,0,-88
70,91,F5,0,-88
70,98,F2,0,0
70,102,F3,0,-88
70,111,F3,0,-88
70,118,F4,0,-88
70,119,F4,0,-88
70,121,F3,0,-88
70,122,F3,0,-88
70,132,F6,0,0
70,133,F6,0,1
71,20,F4,1,-88
71,20,F5,1,-88
71,20,F6,1,-88
71,27,F6,0,-88
71,29,F3,1,0
71,29,F6,1,-88
71,33,F3,0,1
71,39,F2,1,0
71,39,F3,1,0
71,44,F1,0,0
71,49,F1,0,1
71,53,F2,0,1
71,66,F3,0,1
72,11,F6,0,1
72,22,F4,1,0
72,22,F5,1,0
72,22,F6,1,0
72,30,F3,0,-88
72,35,F4,0,1
72,56,F5,0,1
72,73,F2,1,-88
72,73,F5,1,0
72,83,F5,0,1
72,87,F2,1,-88
72,87,F5,1,0
72,97,F6,0,1
72,131,F2,0,-88
72,134,F2,0,-88
72,142,F1,0,-88
73,24,F3,1,-88
73,24,F4,1,1
73,25,F1,1,-88
73,25,F2,1,-88
73,25,F3,1,-88
73,26,F1,0,-88
73,27,F4,0,0
73,29,F6,0,0
73,34,F3,0,-88
73,35,F3,1,-88
73,35,F5,1,0
73,37,F5,0,1
73,44,F6,0,1
73,51,F4,0,1
73,53,F4,1,0
73,53,F5,1,0
73,62,F3,0,-88
73,63,F3,0,-88
73,68,F4,0,1
73,69,F4,1,0
73,69,F5,1,1
73,75,F6,0,0
73,80,F6,0,1
73,84,F1,0,-88
73,103,F4,0,1
73,104,F4,0,0
74,11,F1,1,1
74,11,F2,1,-88
74,11,F5,1,1
74,12,F4,0,-88
74,13,F2,0,-88
74,14,F2,1,-88
74,14,F6,1,0
74,15,F5,1,0
74,15,F6,1,1
74,18,F4,0,-88
74,19,F4,0,-88
74,20,F3,0,-88
74,21,F3,0,-88
74,23,F2,0,-88
74,24,F2,0,-88
74,25,F1,0,0
74,30,F6,0,0
74,35,F4,0,-88
74,39,F4,0,-88
74,40,F3,0,-88
74,46,F5,0,1
74,50,F1,0,1
74,54,F6,0,1
74,57,F6,0,0
74,61,F2,0,-88
74,63,F2,0,-88
74,64,F4,0,-88
74,66,F3,1,-88
74,66,F4,1,-88
74,74,F6,0,1
74,75,F1,1,0
74,75,F5,1,0
74,76,F3,1,-88
74,76,F4,1,-88
74,77,F4,0,-88
74,78,F3,0,-88
74,81,F5,0,1
74,84,F1,0,1
74,87,F5,0,0
74,88,F1,1,0
74,88,F5,1,1
74,89,F6,0,0
74,90,F1,1,1
74,90,F3,1,-88
74,90,F6,1,1
74,91,F2,0,-88
74,93,F2,0,-88
74,94,F3,0,-88
74,95,F4,0,-88
74,96,F2,0,-88
74,97,F6,0,0
74,98,F4,0,-88
74,100,F3,0,-88
74,101,F4,1,-88
74,101,F5,1,0
74,102,F4,1,-88
74,102,F5,1,1
74,102,F6,1,1
74,103,F3,0,-88
74,105,F2,1,-88
74,105,F6,1,0
74,111,F5,0,0
74,112,F5,0,1
74,114,F4,0,-88
74,115,F5,0,0
74,117,F3,0,-88
74,118,F2,1,-88
74,118,F3,1,-88
74,118,F5,1,1
74,119,F6,0,1
74,120,F6,0,0
74,127,F4,0,-88
74,134,F6,0,1
74,137,F6,0,0
74,138,F3,0,-88
74,139,F3,0,-88
74,140,F4,0,-88
74,142,F4,0,-88
74,147,F2,0,-88
75,14,F1,1,1
75,14,F2,1,-88
75,14,F3,1,1
75,14,F5,1,-88
76,11,F3,0,-88
76,12,F4,0,-88
76,16,F4,1,-88
76,16,F5,1,-88
76,25,F4,0,-88
76,26,F4,0,-88
76,29,F2,0,0
76,30,F2,0,1
76,31,F1,1,0
76,31,F5,1,-88
76,59,F5,0,-88
76,71,F5,0,-88
76,82,F2,0,0
76,85,F2,0,1
76,89,F1,0,1
76,91,F1,0,0
76,94,F6,0,0
76,101,F6,0,1
78,13,F4,0,-88
78,17,F1,0,-88
78,18,F1,0,-88
78,21,F3,0,0
78,26,F6,0,0
78,28,F6,0,1
78,38,F3,0,1
78,40,F2,0,0
78,58,F1,0,-88
78,63,F2,1,1
78,63,F5,1,-88
78,87,F6,0,0
78,104,F5,0,-88
78,110,F4,0,-88
78,130,F6,0,1
78,147,F6,0,0
79,11,F4,1,1
79,11,F6,1,-88
79,29,F2,0,0
79,41,F6,0,-88
79,47,F6,0,-88
79,50,F4,0,0
79,60,F4,0,1
79,69,F1,0,-88
79,75,F1,0,-88
79,78,F3,0,-88
79,98,F3,0,-88
79,120,F5,0,0
79,134,F5,0,1
80,11,F1,1,-88
80,11,F2,1,-88
80,11,F3,1,1
80,11,F4,1,1
80,11,F5,1,1
80,11,F6,1,-88
80,16,F2,0,-88
80,25,F5,0,0
80,29,F1,0,-88
80,66,F5,0,1
80,73,F5,0,0
80,81,F1,0,-88
80,84,F1,0,-88
80,87,F4,0,0
80,89,F4,0,1
80,109,F5,0,1
80,112,F5,0,0
80,129,F3,0,0
80,138,F3,0,1
80,142,F3,0,0
81,11,F1,1,-88
81,11,F3,1,1
81,14,F6,0,0
81,17,F6,0,1
81,21,F6,0,0
81,23,F4,1,-88
81,23,F6,1,1
81,24,F4,0,-88
81,25,F3,0,0
81,26,F3,0,1
81,27,F1,0,-88
81,29,F1,0,-88
81,32,F2,0,0
81,35,F2,0,1
81,41,F2,0,0
81,42,F2,1,1
81,42,F6,1,0
81,46,F6,0,1
81,47,F5,0,-88
81,54,F5,0,-88
81,61,F5,0,-88
82,11,F1,1,1
82,11,F4,1,-88
82,11,F5,1,-88
82,11,F6,1,1
82,12,F6,0,0
82,15,F6,0,1
82,18,F2,0,-88
82,24,F2,0,-88
82,29,F4,0,-88
82,37,F4,0,-88
82,39,F4,0,-88
82,40,F3,0,0
82,46,F3,0,1
82,48,F3,0,0
82,52,F5,0,-88
82,56,F1,0,0
82,61,F1,0,1
82,64,F1,0,0
82,72,F6,0,0
82,82,F2,0,-88
82,83,F2,0,-88
82,88,F4,0,-88
82,90,F4,0,-88
82,94,F3,0,1
82,96,F3,0,0
82,104,F5,0,-88
82,109,F1,0,1
82,111,F1,1,0
82,111,F5,1,-88
82,114,F5,0,-88
82,124,F6,0,1
83,11,F3,1,-88
83,11,F5,1,1
83,13,F6,0,-88
83,15,F3,0,-88
83,17,F3,0,-88
83,20,F4,0,-88
83,25,F6,0,-88
83,27,F6,0,-88
83,29,F6,0,-88
83,34,F1,0,0
83,37,F1,0,1
83,40,F3,0,-88
83,41,F3,0,-88
83,42,F2,0,0
83,50,F2,0,1
83,57,F4,0,-88
83,85,F2,0,0
85,19,F4,0,0
85,22,F2,0,0
85,24,F2,0,1
85,29,F4,0,1
85,36,F5,0,-88
85,39,F5,0,-88
85,47,F6,0,0
85,51,F6,0,1
85,56,F3,0,-88
85,71,F1,0,-88
85,76,F4,0,0
85,79,F4,0,1
85,82,F4,0,0
85,92,F4,0,1
85,124,F3,0,-88
86,11,F2,1,1
86,11,F6,1,1
86,94,F3,0,-88
86,97,F3,0,-88
86,101,F5,0,-88
86,108,F4,0,-88
86,111,F4,0,-88
87,55,F1,1,-88
87,55,F2,1,1
87,55,F3,1,1
87,55,F4,1,-88
87,55,F6,1,1
89,14,F1,1,1
89,14,F3,1,1
89,14,F6,1,1
89,20,F5,0,-88
89,24,F5,0,-88
89,28,F4,0,-88
89,35,F4,1,-88
89,35,F6,1,0
89,38,F6,0,1
89,45,F3,0,0
89,49,F3,0,1
89,51,F2,0,-88
89,58,F2,0,-88
89,62,F4,0,-88
89,68,F4,0,-88
89,73,F1,0,0
89,80,F1,0,1
89,83,F5,0,-88
89,95,F5,0,-88
89,103,F5,0,-88
89,118,F2,0,-88
90,11,F2,1,-88
90,11,F3,1,1
90,11,F4,1,-88
90,11,F5,1,1
90,11,F6,1,0
90,17,F1,0,-88
90,19,F1,0,-88
90,21,F3,0,0
90,27,F3,0,1
90,28,F3,0,0
90,30,F4,0,-88
90,35,F4,0,-88
90,36,F2,0,-88
90,40,F5,0,0
90,42,F5,0,1
90,45,F5,0,0
90,50,F5,0,1
90,54,F6,0,1
90,61,F6,0,0
90,66,F6,0,1
90,67,F6,0,0
90,74,F2,0,-88
90,77,F2,0,-88
90,78,F3,0,1
90,80,F3,0,0
91,41,F6,0,0
91,56,F4,0,1
91,60,F4,0,0
91,65,F1,0,1
91,71,F1,0,0
91,80,F1,0,1
91,87,F2,0,-88
91,107,F3,0,-88
91,119,F5,0,-88
92,11,F1,1,1
92,11,F2,1,1
92,11,F3,1,-88
92,11,F4,1,1
92,11,F6,1,-88
92,12,F6,0,-88
92,14,F2,0,0
92,15,F3,0,-88
92,17,F1,0,0
92,19,F6,0,-88
92,25,F3,0,-88
92,27,F2,0,1
92,29,F2,0,0
92,34,F1,0,1
92,39,F6,0,-88
92,44,F6,0,-88
92,45,F3,1,-88
92,45,F6,1,-88
92,49,F1,0,0
92,57,F6,0,-88
92,64,F1,0,1
92,66,F1,0,0
92,68,F3,0,-88
92,70,F1,0,1
92,71,F1,0,0
92,77,F6,0,-88
92,80,F2,0,1
92,81,F4,0,0
92,84,F3,1,-88
92,84,F4,1,1
92,85,F4,0,0
92,87,F6,0,-88
92,88,F2,1,0
92,88,F6,1,-88
92,98,F3,0,-88
92,102,F6,0,-88
92,106,F6,0,-88
92,112,F2,0,1
92,113,F2,0,0
92,119,F5,0,-88
92,120,F5,0,-88
92,121,F4,0,1
92,122,F4,0,0
92,123,F3,0,-88
92,124,F3,0,-88
92,134,F3,0,-88
92,135,F3,0,-88
93,11,F2,0,1
93,14,F5,0,-88
93,15,F5,0,-88
93,16,F6,0,-88
93,17,F6,0,-88
93,18,F4,1,-88
93,18,F6,1,-88
93,19,F4,1,-88
93,19,F6,1,-88
93,20,F1,0,0
93,21,F1,0,1
93,22,F3,0,0
93,26,F6,0,-88
93,28,F3,1,1
93,28,F6,1,-88
93,29,F3,0,0
93,30,F1,0,0
93,31,F1,0,1
93,34,F6,0,-88
93,36,F6,0,-88
93,37,F3,0,1
93,38,F3,0,0
93,39,F1,0,0
93,40,F1,0,1
93,41,F5,0,-88
93,44,F5,0,-88
93,45,F3,0,1
93,46,F3,0,0
93,47,F4,0,-88
93,48,F4,0,-88
93,49,F6,0,-88
93,53,F6,0,-88
93,54,F3,0,1
93,56,F3,1,0
93,56,F5,1,-88
93,61,F5,0,-88
93,64,F2,0,0
93,65,F2,0,1
93,66,F4,0,-88
93,67,F4,0,-88
93,68,F6,0,-88
93,71,F6,0,-88
93,74,F5,0,-88
93,75,F5,0,-88
93,77,F4,0,-88
93,79,F4,0,-88
93,87,F3,0,1
93,88,F3,1,0
93,88,F5,1,-88
93,92,F5,0,-88
93,93,F6,0,-88
93,97,F6,0,-88
93,102,F5,0,-88
93,106,F3,0,1
93,108,F3,0,0
93,117,F5,0,-88
93,127,F5,0,-88
93,129,F5,0,-88
93,134,F5,0,-88
93,140,F5,0,-88
93,150,F5,0,-88
94,11,F1,1,-88
94,11,F3,1,-88
94,11,F4,1,1
94,11,F6,1,1
94,15,F2,0,-88
94,16,F2,1,-88
94,16,F3,1,-88
94,17,F3,1,-88
94,17,F4,1,0
94,18,F1,1,-88
94,18,F4,1,1
94,29,F2,0,-88
94,30,F2,1,-88
94,30,F3,1,-88
94,31,F3,1,-88
94,31,F5,1,0
94,43,F5,0,1
94,44,F5,1,0
94,44,F6,1,0
94,50,F6,0,1
94,59,F3,0,-88
94,61,F3,0,-88
94,75,F1,0,-88
94,80,F1,0,-88
94,83,F6,0,0
94,98,F6,0,1
94,102,F6,0,0
94,105,F4,0,0
94,107,F4,0,1
94,108,F3,0,-88
94,109,F3,0,-88
95,11,F1,1,0
95,11,F5,1,-88
95,11,F6,1,-88
95,13,F2,0,1
95,14,F2,0,0
95,15,F1,0,1
95,17,F6,0,-88
95,19,F5,1,-88
95,19,F6,1,-88
95,22,F5,0,-88
95,24,F4,0,0
95,45,F2,0,1
95,54,F2,0,0
95,56,F1,0,0
95,84,F4,0,1
95,91,F4,0,0
95,97,F1,0,1
95,101,F1,0,0
97,11,F2,0,-88
97,14,F1,0,-88
97,15,F1,0,-88
97,24,F2,0,-88
97,26,F2,0,-88
97,27,F5,0,0
97,29,F5,0,1
97,36,F6,0,-88
97,53,F1,0,-88
97,57,F1,0,-88
97,64,F2,0,-88
97,68,F2,0,-88
97,73,F3,0,0
97,86,F3,0,1
97,88,F3,0,0
97,101,F1,0,-88
97,102,F1,0,-88
97,106,F4,0,0
97,112,F4,0,1
97,114,F4,0,0
97,117,F1,0,-88
97,119,F4,0,1
97,122,F4,0,0
97,125,F1,0,-88
97,128,F6,0,-88
97,131,F6,0,-88
97,135,F6,0,-88
97,140,F3,0,1
97,143,F5,0,0
97,146,F4,0,1
97,148,F4,0,0
98,16,F1,1,1
98,16,F5,1,-88
98,18,F4,0,-88
98,19,F4,0,-88
98,20,F1,1,0
98,20,F3,1,0
98,23,F3,0,1
98,24,F3,0,0
98,25,F5,0,-88
98,27,F5,0,-88
98,29,F5,0,-88
98,32,F5,0,-88
98,35,F5,0,-88
98,37,F5,0,-88
98,39,F6,0,-88
98,43,F6,0,-88
98,44,F6,0,-88
98,46,F2,0,1
98,51,F2,0,0
98,54,F4,0,-88
98,57,F4,0,-88
98,59,F1,0,1
98,63,F1,0,0
98,76,F3,0,1
98,77,F3,0,0
98,80,F5,0,-88
98,86,F6,0,-88
98,89,F6,0,-88
98,93,F2,0,1
98,95,F2,0,0
98,100,F4,0,-88
98,101,F4,0,-88
100,11,F1,1,1
100,11,F5,1,1
100,18,F6,0,-88
100,24,F6,0,-88
100,29,F4,0,-88
100,32,F4,0,-88
100,33,F2,0,0
100,37,F5,0,0
100,40,F5,0,1
100,49,F5,0,0
100,57,F5,0,1
100,63,F5,0,0
100,65,F1,0,0
100,70,F1,0,1
100,78,F3,0,-88
100,88,F2,1,1
100,88,F4,1,-88
100,88,F5,1,1
100,88,F6,1,-88
100,91,F2,1,0
100,91,F4,1,-88
100,91,F5,1,0
100,91,F6,1,-88
100,95,F4,1,-88
100,95,F6,1,-88
100,98,F6,0,-88
100,102,F4,0,-88
100,105,F6,0,-88
100,108,F2,1,1
100,108,F6,1,-88
100,112,F2,1,0
100,112,F5,1,1
100,117,F5,0,0
100,122,F5,0,1
100,125,F1,0,0
100,128,F1,0,1
100,132,F3,0,-88
100,134,F3,0,-88
100,135,F1,0,0
100,139,F1,0,1
101,35,F1,0,-88
101,39,F1,0,-88
101,43,F6,0,-88
101,52,F6,0,-88
101,58,F3,0,-88
101,74,F2,0,0
101,83,F2,0,1
101,88,F4,0,1
101,113,F4,0,0
101,114,F4,0,1
101,116,F6,0,-88
101,125,F6,0,-88
101,129,F1,0,-88
101,134,F1,0,-88
101,136,F6,0,-88
101,142,F6,0,-88
101,144,F6,0,-88
102,11,F1,1,1
102,11,F2,1,-88
102,15,F5,0,-88
102,16,F6,0,0
102,17,F1,0,0
102,18,F5,1,-88
102,18,F6,1,1
102,23,F3,0,1
102,25,F2,1,-88
102,25,F3,1,0
102,30,F4,0,-88
102,32,F4,0,-88
102,33,F1,0,1
102,35,F1,0,0
102,43,F3,0,1
102,69,F1,0,1
102,72,F1,0,0
102,81,F3,0,0
102,89,F3,0,1
102,91,F6,0,0
102,98,F2,0,-88
102,100,F2,0,-88
102,103,F3,0,0
102,108,F6,0,1
102,110,F6,0,0
102,112,F4,0,-88
102,113,F1,1,1
102,113,F4,1,-88
102,115,F1,1,0
102,115,F2,1,-88
102,117,F2,1,-88
102,117,F5,1,-88
102,117,F6,1,1
102,118,F6,0,0
102,124,F3,1,1
102,124,F5,1,-88
102,124,F6,1,1
102,127,F6,0,0
103,11,F3,0,1
103,14,F6,0,0
103,18,F3,0,0
103,20,F4,0,-88
103,27,F6,0,1
103,29,F6,0,0
103,30,F5,0,-88
103,33,F3,1,1
103,33,F5,1,-88
103,33,F6,1,1
103,39,F1,0,0
103,43,F6,0,0
103,52,F5,0,-88
103,54,F3,0,0
103,60,F4,0,-88
103,63,F4,0,-88
103,65,F6,0,1
103,71,F2,0,-88
103,77,F1,0,1
103,80,F1,0,0
103,93,F6,0,0
103,101,F4,0,-88
103,107,F4,0,-88
103,130,F1,0,1
103,132,F1,0,0
104,11,F3,1,1
104,11,F4,1,1
104,11,F6,1,-88
104,12,F4,0,0
104,13,F4,0,1
104,14,F4,0,0
104,15,F4,0,1
104,16,F4,0,0
104,17,F6,0,-88
104,18,F6,0,-88
104,19,F6,0,-88
104,20,F6,0,-88
104,21,F6,0,-88
104,22,F6,0,-88
104,23,F1,0,0
104,24,F1,0,1
104,25,F1,0,0
104,26,F1,0,1
104,27,F1,0,0
104,28,F1,0,1
104,29,F1,0,0
104,30,F1,0,1
104,31,F3,0,0
104,32,F3,0,1
104,33,F3,0,0
104,34,F3,0,1
104,35,F3,0,0
104,37,F5,0,-88
104,38,F5,0,-88
104,39,F5,0,-88
104,40,F5,0,-88
104,41,F5,0,-88
104,42,F5,0,-88
104,43,F2,0,-88
104,44,F2,0,-88
104,45,F2,0,-88
104,46,F2,0,-88
104,48,F2,0,-88
104,49,F2,0,-88
104,53,F6,0,-88
104,54,F6,0,-88
104,55,F6,0,-88
104,56,F6,0,-88
104,57,F6,0,-88
104,58,F6,0,-88
104,59,F6,0,-88
104,60,F6,0,-88
104,61,F6,0,-88
104,62,F6,0,-88
104,63,F6,0,-88
104,64,F6,0,-88
104,70,F6,0,-88
104,71,F6,0,-88
104,72,F6,0,-88
104,73,F6,0,-88
104,74,F5,0,-88
104,75,F5,0,-88
104,76,F5,0,-88
104,77,F5,0,-88
104,79,F2,0,-88
104,80,F2,0,-88
104,82,F2,0,-88
104,83,F2,0,-88
104,84,F1,0,0
104,86,F1,0,1
104,88,F5,0,-88
104,89,F5,0,-88
104,90,F5,0,-88
104,91,F5,0,-88
104,92,F5,0,-88
104,93,F5,0,-88
104,94,F5,0,-88
104,96,F5,0,-88
104,97,F5,0,-88
104,101,F6,0,-88
104,106,F6,0,-88
104,107,F6,0,-88
104,112,F6,0,-88
104,113,F6,0,-88
104,114,F6,0,-88
104,115,F6,0,-88
104,136,F6,0,-88
104,137,F5,0,-88
104,143,F6,0,-88
105,13,F3,0,0
105,16,F6,0,-88
105,19,F6,0,-88
105,21,F2,0,0
105,24,F2,0,1
105,27,F4,0,0
105,31,F3,0,1
105,34,F3,0,0
105,36,F1,0,-88
105,40,F5,0,-88
105,42,F5,0,-88
105,44,F4,0,1
105,46,F4,0,0
105,47,F3,0,1
105,52,F3,0,0
105,55,F6,0,-88
105,59,F6,0,-88
105,62,F6,0,-88
105,65,F2,0,0
105,67,F2,0,1
105,70,F1,0,-88
105,72,F1,0,-88
105,76,F5,0,-88
105,81,F2,0,0
105,83,F2,0,1
105,87,F3,0,1
105,97,F4,0,1
105,99,F4,0,0
105,103,F5,0,-88
105,110,F6,0,-88
105,117,F6,0,-88
105,120,F3,0,0
105,128,F3,0,1
105,130,F3,0,0
105,131,F4,0,1
105,133,F4,0,0
105,134,F5,0,-88
105,141,F1,0,-88
105,143,F1,0,-88
105,146,F6,0,-88
105,148,F2,1,0
105,148,F6,1,-88
105,150,F2,0,1
106,11,F1,1,-88
106,11,F2,1,0
106,11,F6,1,-88
106,27,F2,0,1
106,32,F4,0,0
106,36,F4,0,1
106,46,F5,0,0
106,52,F5,0,1
106,59,F6,0,-88
106,68,F1,0,-88
106,73,F1,0,-88
106,76,F3,0,-88
108,11,F2,0,1
108,17,F2,0,0
108,22,F5,0,-88
108,33,F3,1,0
108,33,F5,1,-88
108,33,F6,1,0
108,35,F3,0,1
108,40,F4,0,-88
108,44,F5,0,-88
108,47,F5,0,-88
108,48,F6,0,1
108,53,F6,0,0
108,56,F2,0,1
108,59,F5,0,-88
108,61,F2,1,0
108,61,F5,1,-88
108,66,F1,0,-88
108,71,F3,1,0
108,71,F4,1,-88
108,72,F1,0,-88
108,73,F3,0,1
108,82,F6,0,1
108,87,F6,0,0
108,92,F5,0,-88
108,110,F6,0,1
108,119,F2,0,1
108,122,F2,0,0
110,11,F1,1,-88
110,11,F2,1,1
110,11,F4,1,-88
110,66,F4,0,-88
110,68,F4,0,-88
110,71,F1,0,-88
110,74,F1,0,-88
111,11,F5,0,-88
111,12,F1,1,-88
111,12,F5,1,-88
111,13,F1,1,-88
111,13,F5,1,-88
111,14,F1,1,-88
111,14,F5,1,-88
111,15,F1,1,-88
111,15,F3,1,-88
111,15,F5,1,-88
111,16,F3,1,-88
111,16,F5,1,-88
111,20,F5,0,-88
111,24,F5,0,-88
111,25,F3,1,-88
111,25,F5,1,-88
111,26,F1,1,-88
111,26,F3,1,-88
111,32,F5,0,-88
111,35,F5,0,-88
111,37,F2,0,0
111,40,F1,1,-88
111,40,F2,1,1
111,40,F5,1,-88
111,42,F5,0,-88
111,47,F1,1,-88
111,47,F3,1,-88
111,50,F5,0,-88
111,61,F1,0,-88
111,64,F1,0,-88
111,65,F6,0,0
111,67,F5,1,-88
111,67,F6,1,1
111,71,F2,0,0
111,76,F2,0,1
111,80,F3,0,-88
111,84,F4,0,0
111,86,F2,0,0
111,88,F2,0,1
111,90,F4,0,1
111,92,F3,0,-88
111,94,F3,1,-88
111,94,F5,1,-88
111,97,F5,0,-88
111,100,F4,0,0
111,104,F4,0,1
111,107,F5,0,-88
111,109,F4,0,0
111,112,F5,0,-88
111,115,F6,0,0
111,116,F1,1,-88
111,116,F6,1,1
111,118,F1,1,-88
111,118,F4,1,1
111,124,F4,0,0
111,126,F6,0,0
111,128,F5,1,-88
111,128,F6,1,1
111,130,F2,1,0
111,130,F5,1,-88
111,132,F2,1,1
111,132,F4,1,1
111,134,F5,0,-88
111,138,F5,0,-88
111,141,F4,0,0
111,142,F1,0,-88
111,146,F1,1,-88
111,146,F2,1,0
111,147,F2,1,1
111,147,F4,1,1
111,149,F3,0,-88
111,150,F3,1,-88
111,150,F4,1,0
112,11,F1,1,1
112,11,F3,1,-88
112,11,F4,1,-88
112,11,F5,1,-88
112,11,F6,1,1
112,27,F3,0,-88
112,36,F3,1,-88
112,36,F4,1,-88
112,40,F4,0,-88
112,43,F1,0,0
112,61,F1,0,1
112,65,F2,0,0
112,76,F5,0,-88
112,89,F6,0,0
112,96,F6,0,1
112,98,F5,0,-88
113,115,F2,0,0
113,116,F4,0,-88
113,117,F2,0,1
113,118,F5,0,1
113,120,F1,0,1
113,121,F1,1,0
113,121,F4,1,-88
113,122,F4,0,-88
113,123,F6,0,-88
113,124,F6,0,-88
113,126,F4,0,-88
113,127,F1,1,1
113,127,F2,1,0
113,127,F3,1,-88
113,128,F6,0,-88
113,129,F1,1,0
113,129,F3,1,-88
113,129,F6,1,-88
113,131,F6,0,-88
114,11,F1,1,1
114,11,F4,1,1
114,23,F4,0,0
114,24,F4,1,1
114,24,F5,1,-88
114,31,F1,0,0
114,36,F1,0,1
114,73,F3,0,-88
